x-axis,1,2,3
second,Volt,Volt,Volt
+2.7600E-03,+1.5687500E+00,+1.4687500E+00,+1.1937499E+00
+2.7700E-03,+2.0687500E+00,+1.3437500E+00,+1.1937499E+00
+2.7800E-03,+2.0687500E+00,+1.2812500E+00,+1.3187499E+00
+2.7900E-03,+2.0687500E+00,+1.3125000E+00,+1.4749999E+00
+2.8000E-03,+2.0375000E+00,+1.4375000E+00,+1.6624999E+00
+2.8100E-03,+2.0687500E+00,+1.5625000E+00,+1.8187499E+00
+2.8200E-03,+2.1000000E+00,+1.7187500E+00,+1.9749999E+00
+2.8300E-03,+2.1000000E+00,+1.8437500E+00,+2.0999999E+00
+2.8400E-03,+2.0687500E+00,+1.9687500E+00,+2.2562499E+00
+2.8500E-03,+2.1000000E+00,+2.1250000E+00,+2.3187499E+00
+2.8600E-03,+2.1000000E+00,+2.1875000E+00,+2.3187499E+00
+2.8700E-03,+2.1000000E+00,+2.2500000E+00,+2.3499999E+00
+2.8800E-03,+2.1000000E+00,+2.2812500E+00,+2.3812499E+00
+2.8900E-03,+2.0687500E+00,+2.3125000E+00,+2.3187499E+00
+2.9000E-03,+2.1312500E+00,+2.3125000E+00,+2.2874999E+00
+2.9100E-03,+2.1000000E+00,+2.2812500E+00,+2.2562499E+00
+2.9200E-03,+2.1000000E+00,+2.2187500E+00,+2.1624999E+00
+2.9300E-03,+2.1000000E+00,+2.2187500E+00,+2.1937499E+00
+2.9400E-03,+2.1625000E+00,+2.1875000E+00,+2.1312499E+00
+2.9500E-03,+2.1312500E+00,+2.1250000E+00,+2.0999999E+00
+2.9600E-03,+2.1312500E+00,+2.1250000E+00,+2.0687499E+00
+2.9700E-03,+2.1312500E+00,+2.1250000E+00,+2.1312499E+00
+2.9800E-03,+2.1625000E+00,+2.0937500E+00,+2.0999999E+00
+2.9900E-03,+2.1312500E+00,+2.0937500E+00,+2.1312499E+00
+3.0000E-03,+2.1625000E+00,+2.1250000E+00,+2.1624999E+00
+3.0100E-03,+2.1625000E+00,+2.1250000E+00,+2.1937499E+00
+3.0200E-03,+2.1937500E+00,+2.1562500E+00,+2.1624999E+00
+3.0300E-03,+2.1625000E+00,+2.1562500E+00,+2.1624999E+00
+3.0400E-03,+2.1937500E+00,+2.1875000E+00,+2.2249999E+00
+3.0500E-03,+2.2250000E+00,+2.1875000E+00,+2.2249999E+00
+3.0600E-03,+2.2250000E+00,+2.2187500E+00,+2.2562499E+00
+3.0700E-03,+2.2250000E+00,+2.2187500E+00,+2.2562499E+00
+3.0800E-03,+2.1937500E+00,+2.2500000E+00,+2.2562499E+00
+3.0900E-03,+2.2562500E+00,+2.2500000E+00,+2.3187499E+00
+3.1000E-03,+2.2562500E+00,+2.2812500E+00,+2.3187499E+00
+3.1100E-03,+2.2875000E+00,+2.3125000E+00,+2.3187499E+00
+3.1200E-03,+2.2562500E+00,+2.3125000E+00,+2.3187499E+00
+3.1300E-03,+2.3187500E+00,+2.3125000E+00,+2.2874999E+00
+3.1400E-03,+2.2875000E+00,+2.3125000E+00,+2.3187499E+00
+3.1500E-03,+2.3187500E+00,+2.3125000E+00,+2.3499999E+00
+3.1600E-03,+2.3500000E+00,+2.3125000E+00,+2.3499999E+00
+3.1700E-03,+2.3500000E+00,+2.3125000E+00,+2.3499999E+00
+3.1800E-03,+2.3500000E+00,+2.3437500E+00,+2.3499999E+00
+3.1900E-03,+2.3500000E+00,+2.3750000E+00,+2.4124999E+00
+3.2000E-03,+2.3500000E+00,+2.3750000E+00,+2.4124999E+00
+3.2100E-03,+2.4437500E+00,+2.3750000E+00,+2.3812499E+00
+3.2200E-03,+2.4125000E+00,+2.3750000E+00,+2.4124999E+00
+3.2300E-03,+2.4125000E+00,+2.4062500E+00,+2.4437499E+00
+3.2400E-03,+2.4437500E+00,+2.4062500E+00,+2.4124999E+00
+3.2500E-03,+2.4125000E+00,+2.4375000E+00,+2.4437499E+00
+3.2600E-03,+2.4437500E+00,+2.4375000E+00,+2.4749999E+00
+3.2700E-03,+2.4437500E+00,+2.4687500E+00,+2.4437499E+00
+3.2800E-03,+2.4437500E+00,+2.4687500E+00,+2.5062499E+00
+3.2900E-03,+2.4750000E+00,+2.4687500E+00,+2.5062499E+00
+3.3000E-03,+2.5062500E+00,+2.5000000E+00,+2.5374999E+00
+3.3100E-03,+2.4750000E+00,+2.5000000E+00,+2.5374999E+00
+3.3200E-03,+2.5062500E+00,+2.5312500E+00,+2.5374999E+00
+3.3300E-03,+2.4750000E+00,+2.5000000E+00,+2.5374999E+00
+3.3400E-03,+2.4750000E+00,+2.5000000E+00,+2.5687499E+00
+3.3500E-03,+2.5062500E+00,+2.5000000E+00,+2.5374999E+00
+3.3600E-03,+2.5062500E+00,+2.5625000E+00,+2.5687499E+00
+3.3700E-03,+2.5375000E+00,+2.5312500E+00,+2.5374999E+00
+3.3800E-03,+2.5375000E+00,+2.5312500E+00,+2.5687499E+00
+3.3900E-03,+2.5687500E+00,+2.5625000E+00,+2.5687499E+00
+3.4000E-03,+2.5375000E+00,+2.5625000E+00,+2.5999999E+00
+3.4100E-03,+2.5687500E+00,+2.5625000E+00,+2.5999999E+00
+3.4200E-03,+2.5375000E+00,+2.5937500E+00,+2.5999999E+00
+3.4300E-03,+2.5687500E+00,+2.5625000E+00,+2.5687499E+00
+3.4400E-03,+2.5375000E+00,+2.5625000E+00,+2.5999999E+00
+3.4500E-03,+2.4750000E+00,+2.5312500E+00,+2.5687499E+00
+3.4600E-03,+2.5062500E+00,+2.5625000E+00,+2.5687499E+00
+3.4700E-03,+2.5062500E+00,+2.5625000E+00,+2.5999999E+00
+3.4800E-03,+2.5062500E+00,+2.5312500E+00,+2.5687499E+00
+3.4900E-03,+2.5062500E+00,+2.5625000E+00,+2.5687499E+00
+3.5000E-03,+2.4750000E+00,+2.5312500E+00,+2.5374999E+00
+3.5100E-03,+2.4750000E+00,+2.5000000E+00,+2.5062499E+00
+3.5200E-03,+2.4750000E+00,+2.5312500E+00,+2.5374999E+00
+3.5300E-03,+2.4437500E+00,+2.5000000E+00,+2.5062499E+00
+3.5400E-03,+2.4125000E+00,+2.5000000E+00,+2.5062499E+00
+3.5500E-03,+2.3812500E+00,+2.4687500E+00,+2.4437499E+00
+3.5600E-03,+2.3812500E+00,+2.4375000E+00,+2.4437499E+00
+3.5700E-03,+2.3500000E+00,+2.4375000E+00,+2.3812499E+00
+3.5800E-03,+2.3187500E+00,+2.4375000E+00,+2.3812499E+00
+3.5900E-03,+2.3187500E+00,+2.4375000E+00,+2.4124999E+00
+3.6000E-03,+2.2562500E+00,+2.3750000E+00,+2.3499999E+00
+3.6100E-03,+2.2250000E+00,+2.3437500E+00,+2.2874999E+00
+3.6200E-03,+2.2250000E+00,+2.3125000E+00,+2.3187499E+00
+3.6300E-03,+2.1937500E+00,+2.3125000E+00,+2.2874999E+00
+3.6400E-03,+2.1625000E+00,+2.3125000E+00,+2.2249999E+00
+3.6500E-03,+2.1312500E+00,+2.2812500E+00,+2.1937499E+00
+3.6600E-03,+2.0687500E+00,+2.2187500E+00,+2.1624999E+00
+3.6700E-03,+2.0375000E+00,+2.1875000E+00,+2.1312499E+00
+3.6800E-03,+1.9750000E+00,+2.1250000E+00,+2.0687499E+00
+3.6900E-03,+1.9437500E+00,+2.0937500E+00,+2.0062499E+00
+3.7000E-03,+1.8812500E+00,+2.0625000E+00,+1.9749999E+00
+3.7100E-03,+1.8812500E+00,+2.0312500E+00,+1.9437499E+00
+3.7200E-03,+1.8187500E+00,+1.9687500E+00,+1.9437499E+00
+3.7300E-03,+1.7562500E+00,+1.9375000E+00,+1.8499999E+00
+3.7400E-03,+1.6937500E+00,+1.8750000E+00,+1.7874999E+00
+3.7500E-03,+1.6937500E+00,+1.8750000E+00,+1.7562499E+00
+3.7600E-03,+1.6312500E+00,+1.7812500E+00,+1.6937499E+00
+3.7700E-03,+1.5687500E+00,+1.7500000E+00,+1.6624999E+00
+3.7800E-03,+1.5375000E+00,+1.6562500E+00,+1.5999999E+00
+3.7900E-03,+1.4750000E+00,+1.6562500E+00,+1.5687499E+00
+3.8000E-03,+1.4125000E+00,+1.5937500E+00,+1.5374999E+00
+3.8100E-03,+1.3812500E+00,+1.5312500E+00,+1.4749999E+00
+3.8200E-03,+1.4125000E+00,+1.5000000E+00,+1.4124999E+00
+3.8300E-03,+1.2875000E+00,+1.4062500E+00,+1.3499999E+00
+3.8400E-03,+1.2562500E+00,+1.3437500E+00,+1.2874999E+00
+3.8500E-03,+1.1625000E+00,+1.3125000E+00,+1.2874999E+00
+3.8600E-03,+1.1312500E+00,+1.2500000E+00,+1.1937499E+00
+3.8700E-03,+1.1000000E+00,+1.1875000E+00,+1.1624999E+00
+3.8800E-03,+1.0687500E+00,+1.1875000E+00,+1.1312499E+00
+3.8900E-03,+1.0062500E+00,+1.1562500E+00,+1.0687499E+00
+3.9000E-03,+943.7500E-03,+1.0625000E+00,+1.0062499E+00
+3.9100E-03,+943.7500E-03,+1.0312500E+00,+974.9999E-03
+3.9200E-03,+881.2500E-03,+968.7500E-03,+912.4999E-03
+3.9300E-03,+850.0000E-03,+968.7500E-03,+881.2499E-03
+3.9400E-03,+787.5000E-03,+906.2500E-03,+849.9999E-03
+3.9500E-03,+756.2500E-03,+875.0000E-03,+849.9999E-03
+3.9600E-03,+787.5000E-03,+875.0000E-03,+787.4999E-03
+3.9700E-03,+725.0000E-03,+812.5000E-03,+756.2499E-03
+3.9800E-03,+725.0000E-03,+781.2500E-03,+787.4999E-03
+3.9900E-03,+662.5000E-03,+750.0000E-03,+724.9999E-03
+4.0000E-03,+725.0000E-03,+718.7500E-03,+693.7499E-03
+4.0100E-03,+725.0000E-03,+718.7500E-03,+693.7499E-03
+4.0200E-03,+693.7500E-03,+687.5000E-03,+693.7499E-03
+4.0300E-03,+693.7500E-03,+687.5000E-03,+693.7499E-03
+4.0400E-03,+693.7500E-03,+687.5000E-03,+693.7499E-03
+4.0500E-03,+725.0000E-03,+687.5000E-03,+724.9999E-03
+4.0600E-03,+756.2500E-03,+656.2500E-03,+693.7499E-03
+4.0700E-03,+787.5000E-03,+687.5000E-03,+724.9999E-03
+4.0800E-03,+756.2500E-03,+718.7500E-03,+787.4999E-03
+4.0900E-03,+818.7500E-03,+718.7500E-03,+818.7499E-03
+4.1000E-03,+850.0000E-03,+718.7500E-03,+787.4999E-03
+4.1100E-03,+912.5000E-03,+750.0000E-03,+849.9999E-03
+4.1200E-03,+943.7500E-03,+812.5000E-03,+849.9999E-03
+4.1300E-03,+975.0000E-03,+812.5000E-03,+912.4999E-03
+4.1400E-03,+1.0375000E+00,+906.2500E-03,+974.9999E-03
+4.1500E-03,+1.1000000E+00,+906.2500E-03,+1.0374999E+00
+4.1600E-03,+1.1625000E+00,+1.0000000E+00,+1.0999999E+00
+4.1700E-03,+1.1937500E+00,+1.0312500E+00,+1.1312499E+00
+4.1800E-03,+1.2562500E+00,+1.0937500E+00,+1.1937499E+00
+4.1900E-03,+1.3187500E+00,+1.1562500E+00,+1.2874999E+00
+4.2000E-03,+1.3812500E+00,+1.1875000E+00,+1.3499999E+00
+4.2100E-03,+1.5062500E+00,+1.2812500E+00,+1.4437499E+00
+4.2200E-03,+1.5687500E+00,+1.3750000E+00,+1.5062499E+00
+4.2300E-03,+1.6312500E+00,+1.4687500E+00,+1.5687499E+00
+4.2400E-03,+1.7250000E+00,+1.5312500E+00,+1.6624999E+00
+4.2500E-03,+1.7562500E+00,+1.5625000E+00,+1.7249999E+00
+4.2600E-03,+1.8500000E+00,+1.6562500E+00,+1.8187499E+00
+4.2700E-03,+1.9750000E+00,+1.7500000E+00,+1.9124999E+00
+4.2800E-03,+1.9750000E+00,+1.8125000E+00,+1.9437499E+00
+4.2900E-03,+2.0687500E+00,+1.9062500E+00,+2.0687499E+00
+4.3000E-03,+2.1312500E+00,+1.9375000E+00,+2.0999999E+00
+4.3100E-03,+2.1937500E+00,+2.0312500E+00,+2.1937499E+00
+4.3200E-03,+2.2250000E+00,+2.1250000E+00,+2.2562499E+00
+4.3300E-03,+2.3187500E+00,+2.2187500E+00,+2.3187499E+00
+4.3400E-03,+2.3500000E+00,+2.2500000E+00,+2.3812499E+00
+4.3500E-03,+2.4125000E+00,+2.3437500E+00,+2.4437499E+00
+4.3600E-03,+2.4437500E+00,+2.3750000E+00,+2.4749999E+00
+4.3700E-03,+2.4437500E+00,+2.4375000E+00,+2.5374999E+00
+4.3800E-03,+2.4750000E+00,+2.4687500E+00,+2.5687499E+00
+4.3900E-03,+2.5062500E+00,+2.5000000E+00,+2.6312499E+00
+4.4000E-03,+2.5062500E+00,+2.5312500E+00,+2.5999999E+00
+4.4100E-03,+2.5687500E+00,+2.5312500E+00,+2.6312499E+00
+4.4200E-03,+2.4750000E+00,+2.6250000E+00,+2.6624999E+00
+4.4300E-03,+2.4750000E+00,+2.5937500E+00,+2.5999999E+00
+4.4400E-03,+2.4750000E+00,+2.5937500E+00,+2.6624999E+00
+4.4500E-03,+2.4750000E+00,+2.6250000E+00,+2.5687499E+00
+4.4600E-03,+2.4750000E+00,+2.5937500E+00,+2.5999999E+00
+4.4700E-03,+2.4437500E+00,+2.5937500E+00,+2.5062499E+00
+4.4800E-03,+2.3500000E+00,+2.5312500E+00,+2.5062499E+00
+4.4900E-03,+2.2875000E+00,+2.5000000E+00,+2.4437499E+00
+4.5000E-03,+2.2250000E+00,+2.4687500E+00,+2.3812499E+00
+4.5100E-03,+2.1625000E+00,+2.4062500E+00,+2.3499999E+00
+4.5200E-03,+2.1312500E+00,+2.3437500E+00,+2.2562499E+00
+4.5300E-03,+2.0062500E+00,+2.3125000E+00,+2.1624999E+00
+4.5400E-03,+1.9437500E+00,+2.2187500E+00,+2.0999999E+00
+4.5500E-03,+1.8187500E+00,+2.1562500E+00,+2.0062499E+00
+4.5600E-03,+1.7562500E+00,+2.0625000E+00,+1.9124999E+00
+4.5700E-03,+1.6000000E+00,+1.9375000E+00,+1.8187499E+00
+4.5800E-03,+1.5687500E+00,+1.8437500E+00,+1.7249999E+00
+4.5900E-03,+1.4437500E+00,+1.8125000E+00,+1.6312499E+00
+4.6000E-03,+1.3812500E+00,+1.6562500E+00,+1.5062499E+00
+4.6100E-03,+1.2562500E+00,+1.5625000E+00,+1.4124999E+00
+4.6200E-03,+1.1937500E+00,+1.4375000E+00,+1.2874999E+00
+4.6300E-03,+1.1000000E+00,+1.3437500E+00,+1.2249999E+00
+4.6400E-03,+1.0687500E+00,+1.2812500E+00,+1.1312499E+00
+4.6500E-03,+943.7500E-03,+1.1562500E+00,+1.0687499E+00
+4.6600E-03,+912.5000E-03,+1.0937500E+00,+974.9999E-03
+4.6700E-03,+850.0000E-03,+1.0000000E+00,+912.4999E-03
+4.6800E-03,+818.7500E-03,+937.5000E-03,+881.2499E-03
+4.6900E-03,+756.2500E-03,+875.0000E-03,+724.9999E-03
+4.7000E-03,+693.7500E-03,+812.5000E-03,+724.9999E-03
+4.7100E-03,+725.0000E-03,+750.0000E-03,+662.4999E-03
+4.7200E-03,+725.0000E-03,+687.5000E-03,+662.4999E-03
+4.7300E-03,+693.7500E-03,+687.5000E-03,+631.2499E-03
+4.7400E-03,+693.7500E-03,+656.2500E-03,+631.2499E-03
+4.7500E-03,+725.0000E-03,+656.2500E-03,+631.2499E-03
+4.7600E-03,+756.2500E-03,+625.0000E-03,+631.2499E-03
+4.7700E-03,+787.5000E-03,+656.2500E-03,+693.7499E-03
+4.7800E-03,+850.0000E-03,+718.7500E-03,+724.9999E-03
+4.7900E-03,+912.5000E-03,+718.7500E-03,+818.7499E-03
+4.8000E-03,+1.0062500E+00,+781.2500E-03,+881.2499E-03
+4.8100E-03,+1.0687500E+00,+812.5000E-03,+974.9999E-03
+4.8200E-03,+1.1625000E+00,+875.0000E-03,+1.0374999E+00
+4.8300E-03,+1.2562500E+00,+968.7500E-03,+1.0999999E+00
+4.8400E-03,+1.3500000E+00,+1.0625000E+00,+1.2562499E+00
+4.8500E-03,+1.4437500E+00,+1.1562500E+00,+1.3187499E+00
+4.8600E-03,+1.5687500E+00,+1.2500000E+00,+1.4437499E+00
+4.8700E-03,+1.6000000E+00,+1.3750000E+00,+1.5687499E+00
+4.8800E-03,+1.8187500E+00,+1.4687500E+00,+1.6937499E+00
+4.8900E-03,+1.8812500E+00,+1.5625000E+00,+1.7874999E+00
+4.9000E-03,+1.9437500E+00,+1.7187500E+00,+1.9437499E+00
+4.9100E-03,+2.0687500E+00,+1.7812500E+00,+2.0374999E+00
+4.9200E-03,+2.1937500E+00,+1.9687500E+00,+2.1624999E+00
+4.9300E-03,+2.2562500E+00,+2.0625000E+00,+2.2562499E+00
+4.9400E-03,+2.3500000E+00,+2.1562500E+00,+2.3499999E+00
+4.9500E-03,+2.4125000E+00,+2.2500000E+00,+2.4124999E+00
+4.9600E-03,+2.4437500E+00,+2.3437500E+00,+2.5062499E+00
+4.9700E-03,+2.4750000E+00,+2.4062500E+00,+2.5687499E+00
+4.9800E-03,+2.5062500E+00,+2.5000000E+00,+2.5999999E+00
+4.9900E-03,+2.5687500E+00,+2.5937500E+00,+2.6937499E+00
+5.0000E-03,+2.5375000E+00,+2.5937500E+00,+2.6937499E+00
+5.0100E-03,+2.5062500E+00,+2.6250000E+00,+2.6937499E+00
+5.0200E-03,+2.5062500E+00,+2.6250000E+00,+2.6624999E+00
+5.0300E-03,+2.4437500E+00,+2.6250000E+00,+2.6624999E+00
+5.0400E-03,+2.3812500E+00,+2.6562500E+00,+2.5999999E+00
+5.0500E-03,+2.3187500E+00,+2.5937500E+00,+2.5687499E+00
+5.0600E-03,+2.2562500E+00,+2.5625000E+00,+2.4749999E+00
+5.0700E-03,+2.1312500E+00,+2.4687500E+00,+2.3812499E+00
+5.0800E-03,+2.0687500E+00,+2.4062500E+00,+2.2874999E+00
+5.0900E-03,+1.9437500E+00,+2.3437500E+00,+2.1624999E+00
+5.1000E-03,+1.8187500E+00,+2.2500000E+00,+2.0687499E+00
+5.1100E-03,+1.7562500E+00,+2.1562500E+00,+1.9124999E+00
+5.1200E-03,+1.6000000E+00,+1.9687500E+00,+1.8187499E+00
+5.1300E-03,+1.5375000E+00,+1.9062500E+00,+1.6624999E+00
+5.1400E-03,+1.3500000E+00,+1.7500000E+00,+1.5374999E+00
+5.1500E-03,+1.2562500E+00,+1.6250000E+00,+1.4124999E+00
+5.1600E-03,+1.1312500E+00,+1.4687500E+00,+1.2874999E+00
+5.1700E-03,+1.0687500E+00,+1.3437500E+00,+1.1312499E+00
+5.1800E-03,+912.5000E-03,+1.2500000E+00,+1.0374999E+00
+5.1900E-03,+881.2500E-03,+1.0625000E+00,+943.7499E-03
+5.2000E-03,+818.7500E-03,+968.7500E-03,+818.7499E-03
+5.2100E-03,+756.2500E-03,+906.2500E-03,+693.7499E-03
+5.2200E-03,+693.7500E-03,+812.5000E-03,+662.4999E-03
+5.2300E-03,+725.0000E-03,+750.0000E-03,+599.9999E-03
+5.2400E-03,+662.5000E-03,+656.2500E-03,+631.2499E-03
+5.2500E-03,+693.7500E-03,+625.0000E-03,+568.7499E-03
+5.2600E-03,+725.0000E-03,+593.7500E-03,+568.7499E-03
+5.2700E-03,+818.7500E-03,+625.0000E-03,+599.9999E-03
+5.2800E-03,+818.7500E-03,+593.7500E-03,+693.7499E-03
+5.2900E-03,+975.0000E-03,+687.5000E-03,+756.2499E-03
+5.3000E-03,+1.0375000E+00,+687.5000E-03,+849.9999E-03
+5.3100E-03,+1.1625000E+00,+781.2500E-03,+974.9999E-03
+5.3200E-03,+1.2562500E+00,+875.0000E-03,+1.0687499E+00
+5.3300E-03,+1.3500000E+00,+1.0000000E+00,+1.1937499E+00
+5.3400E-03,+1.5062500E+00,+1.0937500E+00,+1.3499999E+00
+5.3500E-03,+1.6625000E+00,+1.1875000E+00,+1.4749999E+00
+5.3600E-03,+1.7875000E+00,+1.4062500E+00,+1.5999999E+00
+5.3700E-03,+1.9125000E+00,+1.5000000E+00,+1.7874999E+00
+5.3800E-03,+2.0687500E+00,+1.6875000E+00,+1.9437499E+00
+5.3900E-03,+2.1312500E+00,+1.8125000E+00,+2.0999999E+00
+5.4000E-03,+2.2562500E+00,+1.9687500E+00,+2.2562499E+00
+5.4100E-03,+2.3500000E+00,+2.1250000E+00,+2.3812499E+00
+5.4200E-03,+2.4437500E+00,+2.2187500E+00,+2.5062499E+00
+5.4300E-03,+2.4750000E+00,+2.3750000E+00,+2.5374999E+00
+5.4400E-03,+2.5062500E+00,+2.4375000E+00,+2.6312499E+00
+5.4500E-03,+2.5062500E+00,+2.5625000E+00,+2.7249999E+00
+5.4600E-03,+2.5062500E+00,+2.6250000E+00,+2.7249999E+00
+5.4700E-03,+2.5062500E+00,+2.6875000E+00,+2.7562499E+00
+5.4800E-03,+2.4750000E+00,+2.6875000E+00,+2.7249999E+00
+5.4900E-03,+2.4125000E+00,+2.6875000E+00,+2.7249999E+00
+5.5000E-03,+2.3187500E+00,+2.6875000E+00,+2.5999999E+00
+5.5100E-03,+2.2562500E+00,+2.6562500E+00,+2.5374999E+00
+5.5200E-03,+2.1000000E+00,+2.5625000E+00,+2.4124999E+00
+5.5300E-03,+1.9750000E+00,+2.4687500E+00,+2.2874999E+00
+5.5400E-03,+1.8500000E+00,+2.3437500E+00,+2.1937499E+00
+5.5500E-03,+1.6937500E+00,+2.2187500E+00,+2.0374999E+00
+5.5600E-03,+1.5687500E+00,+2.0937500E+00,+1.8499999E+00
+5.5700E-03,+1.4125000E+00,+1.9375000E+00,+1.6624999E+00
+5.5800E-03,+1.3187500E+00,+1.7812500E+00,+1.4749999E+00
+5.5900E-03,+1.1312500E+00,+1.6250000E+00,+1.2874999E+00
+5.6000E-03,+1.0062500E+00,+1.4375000E+00,+1.1624999E+00
+5.6100E-03,+912.5000E-03,+1.2812500E+00,+1.0374999E+00
+5.6200E-03,+818.7500E-03,+1.1250000E+00,+912.4999E-03
+5.6300E-03,+756.2500E-03,+1.0000000E+00,+756.2499E-03
+5.6400E-03,+693.7500E-03,+843.7500E-03,+693.7499E-03
+5.6500E-03,+725.0000E-03,+750.0000E-03,+568.7499E-03
+5.6600E-03,+693.7500E-03,+718.7500E-03,+506.2499E-03
+5.6700E-03,+725.0000E-03,+625.0000E-03,+506.2499E-03
+5.6800E-03,+756.2500E-03,+562.5000E-03,+568.7499E-03
+5.6900E-03,+850.0000E-03,+562.5000E-03,+599.9999E-03
+5.7000E-03,+943.7500E-03,+562.5000E-03,+631.2499E-03
+5.7100E-03,+1.0375000E+00,+625.0000E-03,+693.7499E-03
+5.7200E-03,+1.1625000E+00,+687.5000E-03,+849.9999E-03
+5.7300E-03,+1.2875000E+00,+812.5000E-03,+1.0062499E+00
+5.7400E-03,+1.4125000E+00,+906.2500E-03,+1.1937499E+00
+5.7500E-03,+1.6312500E+00,+1.0625000E+00,+1.3499999E+00
+5.7600E-03,+1.7562500E+00,+1.2187500E+00,+1.4749999E+00
+5.7700E-03,+1.9125000E+00,+1.3750000E+00,+1.6937499E+00
+5.7800E-03,+2.0375000E+00,+1.5625000E+00,+1.8812499E+00
+5.7900E-03,+2.1625000E+00,+1.7500000E+00,+2.0687499E+00
+5.8000E-03,+2.2562500E+00,+1.9687500E+00,+2.2562499E+00
+5.8100E-03,+2.3812500E+00,+2.0937500E+00,+2.3812499E+00
+5.8200E-03,+2.4750000E+00,+2.2812500E+00,+2.5374999E+00
+5.8300E-03,+2.5062500E+00,+2.4062500E+00,+2.6312499E+00
+5.8400E-03,+2.5375000E+00,+2.5000000E+00,+2.7249999E+00
+5.8500E-03,+2.5375000E+00,+2.6250000E+00,+2.8187499E+00
+5.8600E-03,+2.4750000E+00,+2.6875000E+00,+2.8187499E+00
+5.8700E-03,+2.4437500E+00,+2.7187500E+00,+2.7562499E+00
+5.8800E-03,+2.3500000E+00,+2.7500000E+00,+2.7249999E+00
+5.8900E-03,+2.2562500E+00,+2.7187500E+00,+2.6312499E+00
+5.9000E-03,+2.1625000E+00,+2.6562500E+00,+2.5687499E+00
+5.9100E-03,+2.0062500E+00,+2.5312500E+00,+2.3499999E+00
+5.9200E-03,+1.8812500E+00,+2.4375000E+00,+2.2249999E+00
+5.9300E-03,+1.6937500E+00,+2.3125000E+00,+2.0374999E+00
+5.9400E-03,+1.5062500E+00,+2.1562500E+00,+1.8812499E+00
+5.9500E-03,+1.3500000E+00,+1.9375000E+00,+1.6624999E+00
+5.9600E-03,+1.1937500E+00,+1.7812500E+00,+1.4437499E+00
+5.9700E-03,+1.0687500E+00,+1.5937500E+00,+1.2249999E+00
+5.9800E-03,+943.7500E-03,+1.4062500E+00,+1.0687499E+00
+5.9900E-03,+850.0000E-03,+1.2187500E+00,+912.4999E-03
+6.0000E-03,+756.2500E-03,+1.0312500E+00,+724.9999E-03
+6.0100E-03,+693.7500E-03,+875.0000E-03,+631.2499E-03
+6.0200E-03,+725.0000E-03,+718.7500E-03,+537.4999E-03
+6.0300E-03,+693.7500E-03,+593.7500E-03,+474.9999E-03
+6.0400E-03,+725.0000E-03,+562.5000E-03,+443.7499E-03
+6.0500E-03,+756.2500E-03,+500.0000E-03,+474.9999E-03
+6.0600E-03,+943.7500E-03,+531.2500E-03,+599.9999E-03
+6.0700E-03,+1.0375000E+00,+531.2500E-03,+631.2499E-03
+6.0800E-03,+1.1312500E+00,+625.0000E-03,+787.4999E-03
+6.0900E-03,+1.3500000E+00,+718.7500E-03,+943.7499E-03
+6.1000E-03,+1.5062500E+00,+843.7500E-03,+1.1312499E+00
+6.1100E-03,+1.6937500E+00,+1.0000000E+00,+1.3187499E+00
+6.1200E-03,+1.8500000E+00,+1.1562500E+00,+1.5687499E+00
+6.1300E-03,+2.0062500E+00,+1.4062500E+00,+1.7874999E+00
+6.1400E-03,+2.1625000E+00,+1.6250000E+00,+1.9749999E+00
+6.1500E-03,+2.2875000E+00,+1.8750000E+00,+2.2562499E+00
+6.1600E-03,+2.4125000E+00,+2.0312500E+00,+2.4124999E+00
+6.1700E-03,+2.4750000E+00,+2.2187500E+00,+2.5374999E+00
+6.1800E-03,+2.5375000E+00,+2.4062500E+00,+2.7249999E+00
+6.1900E-03,+2.5687500E+00,+2.5312500E+00,+2.7874999E+00
+6.2000E-03,+2.5375000E+00,+2.6562500E+00,+2.8499999E+00
+6.2100E-03,+2.4750000E+00,+2.7500000E+00,+2.8499999E+00
+6.2200E-03,+2.3812500E+00,+2.7500000E+00,+2.8187499E+00
+6.2300E-03,+2.2875000E+00,+2.7812500E+00,+2.7249999E+00
+6.2400E-03,+2.1312500E+00,+2.7500000E+00,+2.6312499E+00
+6.2500E-03,+1.9750000E+00,+2.6250000E+00,+2.4749999E+00
+6.2600E-03,+1.7875000E+00,+2.5000000E+00,+2.2874999E+00
+6.2700E-03,+1.6312500E+00,+2.3750000E+00,+2.0687499E+00
+6.2800E-03,+1.4437500E+00,+2.1562500E+00,+1.8499999E+00
+6.2900E-03,+1.2562500E+00,+1.9687500E+00,+1.6312499E+00
+6.3000E-03,+1.0687500E+00,+1.7500000E+00,+1.4124999E+00
+6.3100E-03,+1.0062500E+00,+1.5312500E+00,+1.1624999E+00
+6.3200E-03,+850.0000E-03,+1.3125000E+00,+943.7499E-03
+6.3300E-03,+756.2500E-03,+1.0937500E+00,+756.2499E-03
+6.3400E-03,+725.0000E-03,+937.5000E-03,+599.9999E-03
+6.3500E-03,+725.0000E-03,+750.0000E-03,+506.2499E-03
+6.3600E-03,+693.7500E-03,+593.7500E-03,+474.9999E-03
+6.3700E-03,+756.2500E-03,+531.2500E-03,+412.4999E-03
+6.3800E-03,+881.2500E-03,+468.7500E-03,+474.9999E-03
+6.3900E-03,+1.0062500E+00,+468.7500E-03,+506.2499E-03
+6.4000E-03,+1.1000000E+00,+500.0000E-03,+662.4999E-03
+6.4100E-03,+1.2875000E+00,+593.7500E-03,+787.4999E-03
+6.4200E-03,+1.4750000E+00,+750.0000E-03,+1.0062499E+00
+6.4300E-03,+1.6312500E+00,+906.2500E-03,+1.2249999E+00
+6.4400E-03,+1.8500000E+00,+1.0937500E+00,+1.4437499E+00
+6.4500E-03,+2.0375000E+00,+1.3437500E+00,+1.7249999E+00
+6.4600E-03,+2.1937500E+00,+1.5625000E+00,+1.9749999E+00
+6.4700E-03,+2.3187500E+00,+1.7812500E+00,+2.2249999E+00
+6.4800E-03,+2.4125000E+00,+2.0625000E+00,+2.4437499E+00
+6.4900E-03,+2.5062500E+00,+2.2812500E+00,+2.5999999E+00
+6.5000E-03,+2.5062500E+00,+2.4375000E+00,+2.7562499E+00
+6.5100E-03,+2.5375000E+00,+2.5937500E+00,+2.8499999E+00
+6.5200E-03,+2.4437500E+00,+2.7187500E+00,+2.9124999E+00
+6.5300E-03,+2.3500000E+00,+2.7812500E+00,+2.9124999E+00
+6.5400E-03,+2.2562500E+00,+2.8125000E+00,+2.8187499E+00
+6.5500E-03,+2.1312500E+00,+2.7812500E+00,+2.6624999E+00
+6.5600E-03,+2.0062500E+00,+2.6875000E+00,+2.5374999E+00
+6.5700E-03,+1.7250000E+00,+2.5625000E+00,+2.3187499E+00
+6.5800E-03,+1.6000000E+00,+2.4062500E+00,+2.1312499E+00
+6.5900E-03,+1.3812500E+00,+2.2187500E+00,+1.8812499E+00
+6.6000E-03,+1.1937500E+00,+2.0000000E+00,+1.5999999E+00
+6.6100E-03,+1.0375000E+00,+1.7500000E+00,+1.2874999E+00
+6.6200E-03,+912.5000E-03,+1.5000000E+00,+1.0687499E+00
+6.6300E-03,+787.5000E-03,+1.2500000E+00,+849.9999E-03
+6.6400E-03,+693.7500E-03,+1.0312500E+00,+662.4999E-03
+6.6500E-03,+693.7500E-03,+812.5000E-03,+506.2499E-03
+6.6600E-03,+693.7500E-03,+687.5000E-03,+443.7499E-03
+6.6700E-03,+725.0000E-03,+531.2500E-03,+349.9999E-03
+6.6800E-03,+881.2500E-03,+468.7500E-03,+412.4999E-03
+6.6900E-03,+1.0062500E+00,+437.5000E-03,+506.2499E-03
+6.7000E-03,+1.1937500E+00,+500.0000E-03,+662.4999E-03
+6.7100E-03,+1.3812500E+00,+562.5000E-03,+787.4999E-03
+6.7200E-03,+1.6000000E+00,+718.7500E-03,+1.0374999E+00
+6.7300E-03,+1.7562500E+00,+906.2500E-03,+1.2562499E+00
+6.7400E-03,+2.0062500E+00,+1.1562500E+00,+1.5374999E+00
+6.7500E-03,+2.1625000E+00,+1.3750000E+00,+1.8499999E+00
+6.7600E-03,+2.2875000E+00,+1.6562500E+00,+2.0999999E+00
+6.7700E-03,+2.4437500E+00,+1.9062500E+00,+2.3812499E+00
+6.7800E-03,+2.5062500E+00,+2.1562500E+00,+2.5999999E+00
+6.7900E-03,+2.5375000E+00,+2.3750000E+00,+2.7249999E+00
+6.8000E-03,+2.5375000E+00,+2.5937500E+00,+2.8812499E+00
+6.8100E-03,+2.4437500E+00,+2.7187500E+00,+2.9124999E+00
+6.8200E-03,+2.3812500E+00,+2.8125000E+00,+2.9437499E+00
+6.8300E-03,+2.2250000E+00,+2.8125000E+00,+2.8499999E+00
+6.8400E-03,+2.0375000E+00,+2.8125000E+00,+2.7249999E+00
+6.8500E-03,+1.8500000E+00,+2.6875000E+00,+2.5374999E+00
+6.8600E-03,+1.6625000E+00,+2.5937500E+00,+2.2874999E+00
+6.8700E-03,+1.4437500E+00,+2.4062500E+00,+2.0062499E+00
+6.8800E-03,+1.1937500E+00,+2.1562500E+00,+1.7562499E+00
+6.8900E-03,+1.0687500E+00,+1.9062500E+00,+1.4437499E+00
+6.9000E-03,+912.5000E-03,+1.6250000E+00,+1.1624999E+00
+6.9100E-03,+787.5000E-03,+1.3750000E+00,+912.4999E-03
+6.9200E-03,+725.0000E-03,+1.1250000E+00,+662.4999E-03
+6.9300E-03,+725.0000E-03,+875.0000E-03,+506.2499E-03
+6.9400E-03,+725.0000E-03,+687.5000E-03,+349.9999E-03
+6.9500E-03,+756.2500E-03,+531.2500E-03,+318.7499E-03
+6.9600E-03,+912.5000E-03,+437.5000E-03,+412.4999E-03
+6.9700E-03,+1.1000000E+00,+437.5000E-03,+474.9999E-03
+6.9800E-03,+1.2875000E+00,+500.0000E-03,+599.9999E-03
+6.9900E-03,+1.5062500E+00,+562.5000E-03,+818.7499E-03
+7.0000E-03,+1.7250000E+00,+718.7500E-03,+1.0999999E+00
+7.0100E-03,+1.8812500E+00,+968.7500E-03,+1.3812499E+00
+7.0200E-03,+2.1000000E+00,+1.1875000E+00,+1.6937499E+00
+7.0300E-03,+2.2875000E+00,+1.5000000E+00,+1.9749999E+00
+7.0400E-03,+2.4437500E+00,+1.7500000E+00,+2.2562499E+00
+7.0500E-03,+2.4750000E+00,+2.0625000E+00,+2.5062499E+00
+7.0600E-03,+2.5375000E+00,+2.3125000E+00,+2.7562499E+00
+7.0700E-03,+2.5062500E+00,+2.5625000E+00,+2.8812499E+00
+7.0800E-03,+2.4437500E+00,+2.6562500E+00,+2.9749999E+00
+7.0900E-03,+2.3187500E+00,+2.7812500E+00,+3.0062499E+00
+7.1000E-03,+2.1312500E+00,+2.8437500E+00,+2.9124999E+00
+7.1100E-03,+1.9750000E+00,+2.8437500E+00,+2.7562499E+00
+7.1200E-03,+1.7875000E+00,+2.7500000E+00,+2.5374999E+00
+7.1300E-03,+1.5375000E+00,+2.5937500E+00,+2.2562499E+00
+7.1400E-03,+1.3812500E+00,+2.3437500E+00,+1.9749999E+00
+7.1500E-03,+1.1312500E+00,+2.0937500E+00,+1.6312499E+00
+7.1600E-03,+912.5000E-03,+1.8437500E+00,+1.3499999E+00
+7.1700E-03,+787.5000E-03,+1.5312500E+00,+1.0374999E+00
+7.1800E-03,+725.0000E-03,+1.2500000E+00,+787.4999E-03
+7.1900E-03,+693.7500E-03,+968.7500E-03,+568.7499E-03
+7.2000E-03,+693.7500E-03,+750.0000E-03,+412.4999E-03
+7.2100E-03,+850.0000E-03,+562.5000E-03,+318.7499E-03
+7.2200E-03,+943.7500E-03,+500.0000E-03,+349.9999E-03
+7.2300E-03,+1.1000000E+00,+406.2500E-03,+443.7499E-03
+7.2400E-03,+1.3500000E+00,+437.5000E-03,+568.7499E-03
+7.2500E-03,+1.5062500E+00,+531.2500E-03,+756.2499E-03
+7.2600E-03,+1.7562500E+00,+718.7500E-03,+1.0687499E+00
+7.2700E-03,+1.9750000E+00,+937.5000E-03,+1.4124999E+00
+7.2800E-03,+2.2250000E+00,+1.1875000E+00,+1.7249999E+00
+7.2900E-03,+2.3812500E+00,+1.5000000E+00,+2.0374999E+00
+7.3000E-03,+2.5062500E+00,+1.8125000E+00,+2.3499999E+00
+7.3100E-03,+2.5062500E+00,+2.0937500E+00,+2.5999999E+00
+7.3200E-03,+2.5062500E+00,+2.3437500E+00,+2.8499999E+00
+7.3300E-03,+2.4750000E+00,+2.5937500E+00,+2.9437499E+00
+7.3400E-03,+2.3500000E+00,+2.7500000E+00,+2.9749999E+00
+7.3500E-03,+2.1625000E+00,+2.8437500E+00,+2.9749999E+00
+7.3600E-03,+1.9750000E+00,+2.8437500E+00,+2.8187499E+00
+7.3700E-03,+1.7562500E+00,+2.8125000E+00,+2.6312499E+00
+7.3800E-03,+1.5062500E+00,+2.6250000E+00,+2.3499999E+00
+7.3900E-03,+1.2562500E+00,+2.4375000E+00,+2.0687499E+00
+7.4000E-03,+1.1312500E+00,+2.2187500E+00,+1.7562499E+00
+7.4100E-03,+912.5000E-03,+1.9062500E+00,+1.3812499E+00
+7.4200E-03,+756.2500E-03,+1.5625000E+00,+1.0374999E+00
+7.4300E-03,+756.2500E-03,+1.2812500E+00,+756.2499E-03
+7.4400E-03,+662.5000E-03,+968.7500E-03,+506.2499E-03
+7.4500E-03,+756.2500E-03,+718.7500E-03,+412.4999E-03
+7.4600E-03,+881.2500E-03,+562.5000E-03,+287.4999E-03
+7.4700E-03,+1.0375000E+00,+437.5000E-03,+318.7499E-03
+7.4800E-03,+1.2250000E+00,+406.2500E-03,+443.7499E-03
+7.4900E-03,+1.4437500E+00,+468.7500E-03,+599.9999E-03
+7.5000E-03,+1.7250000E+00,+562.5000E-03,+912.4999E-03
+7.5100E-03,+1.9437500E+00,+750.0000E-03,+1.2249999E+00
+7.5200E-03,+2.1312500E+00,+1.0312500E+00,+1.5374999E+00
+7.5300E-03,+2.3500000E+00,+1.3437500E+00,+1.8812499E+00
+7.5400E-03,+2.4437500E+00,+1.6875000E+00,+2.2562499E+00
+7.5500E-03,+2.5062500E+00,+2.0000000E+00,+2.5374999E+00
+7.5600E-03,+2.5062500E+00,+2.2812500E+00,+2.7874999E+00
+7.5700E-03,+2.4750000E+00,+2.5312500E+00,+2.9437499E+00
+7.5800E-03,+2.3500000E+00,+2.7187500E+00,+3.0374999E+00
+7.5900E-03,+2.1937500E+00,+2.8437500E+00,+2.9749999E+00
+7.6000E-03,+1.9437500E+00,+2.8750000E+00,+2.8812499E+00
+7.6100E-03,+1.7250000E+00,+2.8125000E+00,+2.6312499E+00
+7.6200E-03,+1.4437500E+00,+2.6562500E+00,+2.3812499E+00
+7.6300E-03,+1.1625000E+00,+2.4375000E+00,+2.0687499E+00
+7.6400E-03,+975.0000E-03,+2.1562500E+00,+1.6937499E+00
+7.6500E-03,+818.7500E-03,+1.8750000E+00,+1.2874999E+00
+7.6600E-03,+756.2500E-03,+1.5312500E+00,+943.7499E-03
+7.6700E-03,+631.2500E-03,+1.2500000E+00,+693.7499E-03
+7.6800E-03,+725.0000E-03,+906.2500E-03,+443.7499E-03
+7.6900E-03,+850.0000E-03,+687.5000E-03,+349.9999E-03
+7.7000E-03,+975.0000E-03,+500.0000E-03,+318.7499E-03
+7.7100E-03,+1.1937500E+00,+406.2500E-03,+381.2499E-03
+7.7200E-03,+1.4750000E+00,+406.2500E-03,+506.2499E-03
+7.7300E-03,+1.6625000E+00,+500.0000E-03,+756.2499E-03
+7.7400E-03,+1.9125000E+00,+687.5000E-03,+1.0999999E+00
+7.7500E-03,+2.1937500E+00,+937.5000E-03,+1.4124999E+00
+7.7600E-03,+2.3500000E+00,+1.2187500E+00,+1.7874999E+00
+7.7700E-03,+2.4437500E+00,+1.5937500E+00,+2.1624999E+00
+7.7800E-03,+2.5375000E+00,+1.9062500E+00,+2.5062499E+00
+7.7900E-03,+2.5062500E+00,+2.2187500E+00,+2.7874999E+00
+7.8000E-03,+2.4437500E+00,+2.5000000E+00,+2.9437499E+00
+7.8100E-03,+2.2875000E+00,+2.7187500E+00,+3.0374999E+00
+7.8200E-03,+2.0687500E+00,+2.8125000E+00,+2.9437499E+00
+7.8300E-03,+1.8500000E+00,+2.8750000E+00,+2.8187499E+00
+7.8400E-03,+1.5687500E+00,+2.7812500E+00,+2.5999999E+00
+7.8500E-03,+1.3500000E+00,+2.6250000E+00,+2.3499999E+00
+7.8600E-03,+1.1000000E+00,+2.4062500E+00,+1.9437499E+00
+7.8700E-03,+881.2500E-03,+2.0937500E+00,+1.5687499E+00
+7.8800E-03,+756.2500E-03,+1.7812500E+00,+1.1937499E+00
+7.8900E-03,+725.0000E-03,+1.4375000E+00,+849.9999E-03
+7.9000E-03,+725.0000E-03,+1.0625000E+00,+599.9999E-03
+7.9100E-03,+787.5000E-03,+843.7500E-03,+412.4999E-03
+7.9200E-03,+975.0000E-03,+593.7500E-03,+318.7499E-03
+7.9300E-03,+1.1625000E+00,+468.7500E-03,+318.7499E-03
+7.9400E-03,+1.3812500E+00,+406.2500E-03,+412.4999E-03
+7.9500E-03,+1.6625000E+00,+468.7500E-03,+693.7499E-03
+7.9600E-03,+1.9437500E+00,+656.2500E-03,+1.0062499E+00
+7.9700E-03,+2.1312500E+00,+875.0000E-03,+1.3499999E+00
+7.9800E-03,+2.3812500E+00,+1.1562500E+00,+1.7562499E+00
+7.9900E-03,+2.4750000E+00,+1.5000000E+00,+2.0999999E+00
+8.0000E-03,+2.5375000E+00,+1.8437500E+00,+2.4749999E+00
+8.0100E-03,+2.4750000E+00,+2.1875000E+00,+2.7249999E+00
+8.0200E-03,+2.4125000E+00,+2.4375000E+00,+2.9437499E+00
+8.0300E-03,+2.2562500E+00,+2.6250000E+00,+3.0062499E+00
+8.0400E-03,+2.0062500E+00,+2.8125000E+00,+2.9749999E+00
+8.0500E-03,+1.7562500E+00,+2.8125000E+00,+2.7874999E+00
+8.0600E-03,+1.5062500E+00,+2.7187500E+00,+2.5687499E+00
+8.0700E-03,+1.1937500E+00,+2.5625000E+00,+2.2562499E+00
+8.0800E-03,+975.0000E-03,+2.3125000E+00,+1.8499999E+00
+8.0900E-03,+818.7500E-03,+2.0625000E+00,+1.4437499E+00
+8.1000E-03,+725.0000E-03,+1.6875000E+00,+1.0999999E+00
+8.1100E-03,+693.7500E-03,+1.3437500E+00,+787.4999E-03
+8.1200E-03,+756.2500E-03,+1.0000000E+00,+537.4999E-03
+8.1300E-03,+881.2500E-03,+750.0000E-03,+381.2499E-03
+8.1400E-03,+1.1312500E+00,+562.5000E-03,+318.7499E-03
+8.1500E-03,+1.3500000E+00,+468.7500E-03,+412.4999E-03
+8.1600E-03,+1.6312500E+00,+468.7500E-03,+568.7499E-03
+8.1700E-03,+1.9437500E+00,+593.7500E-03,+881.2499E-03
+8.1800E-03,+2.1625000E+00,+812.5000E-03,+1.1937499E+00
+8.1900E-03,+2.3500000E+00,+1.0312500E+00,+1.6312499E+00
+8.2000E-03,+2.5062500E+00,+1.4062500E+00,+2.0062499E+00
+8.2100E-03,+2.5375000E+00,+1.7500000E+00,+2.3499999E+00
+8.2200E-03,+2.4750000E+00,+2.0937500E+00,+2.6624999E+00
+8.2300E-03,+2.3812500E+00,+2.3750000E+00,+2.8812499E+00
+8.2400E-03,+2.1937500E+00,+2.5937500E+00,+2.9749999E+00
+8.2500E-03,+1.9750000E+00,+2.7812500E+00,+2.9124999E+00
+8.2600E-03,+1.6937500E+00,+2.7812500E+00,+2.8187499E+00
+8.2700E-03,+1.4125000E+00,+2.7187500E+00,+2.5374999E+00
+8.2800E-03,+1.1312500E+00,+2.5937500E+00,+2.2249999E+00
+8.2900E-03,+943.7500E-03,+2.3125000E+00,+1.8187499E+00
+8.3000E-03,+756.2500E-03,+2.0312500E+00,+1.4124999E+00
+8.3100E-03,+693.7500E-03,+1.6250000E+00,+1.0062499E+00
+8.3200E-03,+725.0000E-03,+1.2812500E+00,+724.9999E-03
+8.3300E-03,+818.7500E-03,+1.0000000E+00,+474.9999E-03
+8.3400E-03,+975.0000E-03,+750.0000E-03,+349.9999E-03
+8.3500E-03,+1.2562500E+00,+531.2500E-03,+318.7499E-03
+8.3600E-03,+1.5062500E+00,+500.0000E-03,+474.9999E-03
+8.3700E-03,+1.8500000E+00,+531.2500E-03,+693.7499E-03
+8.3800E-03,+2.0687500E+00,+687.5000E-03,+1.0374999E+00
+8.3900E-03,+2.2875000E+00,+937.5000E-03,+1.4437499E+00
+8.4000E-03,+2.4437500E+00,+1.2500000E+00,+1.8187499E+00
+8.4100E-03,+2.5687500E+00,+1.5625000E+00,+2.2249999E+00
+8.4200E-03,+2.5062500E+00,+1.9375000E+00,+2.5374999E+00
+8.4300E-03,+2.3812500E+00,+2.2500000E+00,+2.7874999E+00
+8.4400E-03,+2.1625000E+00,+2.5000000E+00,+2.9124999E+00
+8.4500E-03,+1.9750000E+00,+2.6875000E+00,+2.9437499E+00
+8.4600E-03,+1.6625000E+00,+2.7500000E+00,+2.8499999E+00
+8.4700E-03,+1.3812500E+00,+2.7187500E+00,+2.5687499E+00
+8.4800E-03,+1.1312500E+00,+2.5937500E+00,+2.2249999E+00
+8.4900E-03,+912.5000E-03,+2.3125000E+00,+1.8812499E+00
+8.5000E-03,+725.0000E-03,+2.0312500E+00,+1.4437499E+00
+8.5100E-03,+693.7500E-03,+1.6875000E+00,+1.0687499E+00
+8.5200E-03,+725.0000E-03,+1.3125000E+00,+756.2499E-03
+8.5300E-03,+881.2500E-03,+1.0000000E+00,+537.4999E-03
+8.5400E-03,+1.0687500E+00,+718.7500E-03,+381.2499E-03
+8.5500E-03,+1.3187500E+00,+593.7500E-03,+412.4999E-03
+8.5600E-03,+1.6312500E+00,+500.0000E-03,+537.4999E-03
+8.5700E-03,+1.9125000E+00,+593.7500E-03,+787.4999E-03
+8.5800E-03,+2.2250000E+00,+781.2500E-03,+1.1312499E+00
+8.5900E-03,+2.3812500E+00,+1.0000000E+00,+1.5062499E+00
+8.6000E-03,+2.5062500E+00,+1.3125000E+00,+1.9124999E+00
+8.6100E-03,+2.5375000E+00,+1.6562500E+00,+2.2874999E+00
+8.6200E-03,+2.4125000E+00,+2.0312500E+00,+2.5999999E+00
+8.6300E-03,+2.3187500E+00,+2.3437500E+00,+2.8187499E+00
+8.6400E-03,+2.0687500E+00,+2.5625000E+00,+2.9124999E+00
+8.6500E-03,+1.7562500E+00,+2.6875000E+00,+2.8187499E+00
+8.6600E-03,+1.4437500E+00,+2.6875000E+00,+2.6624999E+00
+8.6700E-03,+1.1312500E+00,+2.5937500E+00,+2.4124999E+00
+8.6800E-03,+943.7500E-03,+2.4375000E+00,+2.0374999E+00
+8.6900E-03,+756.2500E-03,+2.1875000E+00,+1.6312499E+00
+8.7000E-03,+693.7500E-03,+1.7812500E+00,+1.2249999E+00
+8.7100E-03,+756.2500E-03,+1.4375000E+00,+881.2499E-03
+8.7200E-03,+850.0000E-03,+1.1250000E+00,+599.9999E-03
+8.7300E-03,+1.0687500E+00,+843.7500E-03,+412.4999E-03
+8.7400E-03,+1.3500000E+00,+656.2500E-03,+443.7499E-03
+8.7500E-03,+1.6312500E+00,+593.7500E-03,+537.4999E-03
+8.7600E-03,+1.9125000E+00,+625.0000E-03,+787.4999E-03
+8.7700E-03,+2.1937500E+00,+750.0000E-03,+1.0999999E+00
+8.7800E-03,+2.3812500E+00,+968.7500E-03,+1.4749999E+00
+8.7900E-03,+2.5062500E+00,+1.3125000E+00,+1.8812499E+00
+8.8000E-03,+2.4750000E+00,+1.6250000E+00,+2.2562499E+00
+8.8100E-03,+2.4125000E+00,+2.0000000E+00,+2.5999999E+00
+8.8200E-03,+2.2250000E+00,+2.2812500E+00,+2.7874999E+00
+8.8300E-03,+1.9750000E+00,+2.5312500E+00,+2.8812499E+00
+8.8400E-03,+1.6937500E+00,+2.6250000E+00,+2.8187499E+00
+8.8500E-03,+1.3812500E+00,+2.6562500E+00,+2.5999999E+00
+8.8600E-03,+1.1000000E+00,+2.5625000E+00,+2.2874999E+00
+8.8700E-03,+881.2500E-03,+2.3437500E+00,+1.9437499E+00
+8.8800E-03,+725.0000E-03,+2.0625000E+00,+1.5374999E+00
+8.8900E-03,+725.0000E-03,+1.7187500E+00,+1.1624999E+00
+8.9000E-03,+787.5000E-03,+1.3750000E+00,+756.2499E-03
+8.9100E-03,+1.0062500E+00,+1.0312500E+00,+568.7499E-03
+8.9200E-03,+1.1937500E+00,+812.5000E-03,+443.7499E-03
+8.9300E-03,+1.4750000E+00,+687.5000E-03,+474.9999E-03
+8.9400E-03,+1.8500000E+00,+625.0000E-03,+662.4999E-03
+8.9500E-03,+2.1312500E+00,+687.5000E-03,+912.4999E-03
+8.9600E-03,+2.3812500E+00,+875.0000E-03,+1.3187499E+00
+8.9700E-03,+2.5062500E+00,+1.1250000E+00,+1.6937499E+00
+8.9800E-03,+2.5062500E+00,+1.5000000E+00,+2.0999999E+00
+8.9900E-03,+2.4437500E+00,+1.8437500E+00,+2.4437499E+00
+9.0000E-03,+2.2250000E+00,+2.1875000E+00,+2.6624999E+00
+9.0100E-03,+2.0375000E+00,+2.4375000E+00,+2.8499999E+00
+9.0200E-03,+1.7250000E+00,+2.5937500E+00,+2.7874999E+00
+9.0300E-03,+1.4125000E+00,+2.5937500E+00,+2.6312499E+00
+9.0400E-03,+1.1000000E+00,+2.5937500E+00,+2.3187499E+00
+9.0500E-03,+881.2500E-03,+2.3750000E+00,+2.0062499E+00
+9.0600E-03,+662.5000E-03,+2.1250000E+00,+1.6312499E+00
+9.0700E-03,+725.0000E-03,+1.7812500E+00,+1.2249999E+00
+9.0800E-03,+787.5000E-03,+1.4687500E+00,+849.9999E-03
+9.0900E-03,+1.0062500E+00,+1.1250000E+00,+631.2499E-03
+9.1000E-03,+1.2250000E+00,+843.7500E-03,+506.2499E-03
+9.1100E-03,+1.5687500E+00,+718.7500E-03,+537.4999E-03
+9.1200E-03,+1.8812500E+00,+625.0000E-03,+693.7499E-03
+9.1300E-03,+2.1625000E+00,+750.0000E-03,+974.9999E-03
+9.1400E-03,+2.3812500E+00,+937.5000E-03,+1.3499999E+00
+9.1500E-03,+2.4750000E+00,+1.1875000E+00,+1.7562499E+00
+9.1600E-03,+2.5375000E+00,+1.5000000E+00,+2.1312499E+00
+9.1700E-03,+2.4125000E+00,+1.8750000E+00,+2.4437499E+00
+9.1800E-03,+2.1625000E+00,+2.1875000E+00,+2.6937499E+00
+9.1900E-03,+1.9437500E+00,+2.4062500E+00,+2.7874999E+00
+9.2000E-03,+1.5687500E+00,+2.5312500E+00,+2.7249999E+00
+9.2100E-03,+1.2875000E+00,+2.5937500E+00,+2.5062499E+00
+9.2200E-03,+1.0062500E+00,+2.5000000E+00,+2.1937499E+00
+9.2300E-03,+787.5000E-03,+2.2812500E+00,+1.8812499E+00
+9.2400E-03,+693.7500E-03,+2.0000000E+00,+1.4749999E+00
+9.2500E-03,+725.0000E-03,+1.6562500E+00,+1.1312499E+00
+9.2600E-03,+943.7500E-03,+1.3125000E+00,+818.7499E-03
+9.2700E-03,+1.1312500E+00,+1.0312500E+00,+599.9999E-03
+9.2800E-03,+1.4125000E+00,+812.5000E-03,+568.7499E-03
+9.2900E-03,+1.7875000E+00,+718.7500E-03,+662.4999E-03
+9.3000E-03,+2.0687500E+00,+718.7500E-03,+849.9999E-03
+9.3100E-03,+2.3500000E+00,+843.7500E-03,+1.1937499E+00
+9.3200E-03,+2.4750000E+00,+1.0625000E+00,+1.5999999E+00
+9.3300E-03,+2.5062500E+00,+1.4062500E+00,+1.9749999E+00
+9.3400E-03,+2.4750000E+00,+1.7500000E+00,+2.3499999E+00
+9.3500E-03,+2.2250000E+00,+2.0312500E+00,+2.5687499E+00
+9.3600E-03,+1.9437500E+00,+2.3125000E+00,+2.7249999E+00
+9.3700E-03,+1.6000000E+00,+2.4687500E+00,+2.6937499E+00
+9.3800E-03,+1.3187500E+00,+2.5312500E+00,+2.5687499E+00
+9.3900E-03,+1.0062500E+00,+2.4687500E+00,+2.2874999E+00
+9.4000E-03,+787.5000E-03,+2.3125000E+00,+1.9437499E+00
+9.4100E-03,+725.0000E-03,+2.0312500E+00,+1.5062499E+00
+9.4200E-03,+725.0000E-03,+1.7187500E+00,+1.1624999E+00
+9.4300E-03,+912.5000E-03,+1.4062500E+00,+849.9999E-03
+9.4400E-03,+1.1312500E+00,+1.0937500E+00,+662.4999E-03
+9.4500E-03,+1.4750000E+00,+875.0000E-03,+599.9999E-03
+9.4600E-03,+1.8187500E+00,+750.0000E-03,+693.7499E-03
+9.4700E-03,+2.1000000E+00,+781.2500E-03,+912.4999E-03
+9.4800E-03,+2.3500000E+00,+875.0000E-03,+1.2249999E+00
+9.4900E-03,+2.5062500E+00,+1.0937500E+00,+1.6312499E+00
+9.5000E-03,+2.5375000E+00,+1.4062500E+00,+1.9749999E+00
+9.5100E-03,+2.3812500E+00,+1.7500000E+00,+2.2874999E+00
+9.5200E-03,+2.1937500E+00,+2.0312500E+00,+2.5374999E+00
+9.5300E-03,+1.8812500E+00,+2.3125000E+00,+2.6624999E+00
+9.5400E-03,+1.5062500E+00,+2.4375000E+00,+2.6312499E+00
+9.5500E-03,+1.1937500E+00,+2.4687500E+00,+2.4749999E+00
+9.5600E-03,+943.7500E-03,+2.4062500E+00,+2.1624999E+00
+9.5700E-03,+725.0000E-03,+2.1875000E+00,+1.8499999E+00
+9.5800E-03,+725.0000E-03,+1.9375000E+00,+1.4124999E+00
+9.5900E-03,+818.7500E-03,+1.6562500E+00,+1.0687499E+00
+9.6000E-03,+1.0062500E+00,+1.3125000E+00,+787.4999E-03
+9.6100E-03,+1.3187500E+00,+1.0625000E+00,+662.4999E-03
+9.6200E-03,+1.6312500E+00,+875.0000E-03,+631.2499E-03
+9.6300E-03,+1.9750000E+00,+781.2500E-03,+787.4999E-03
+9.6400E-03,+2.2875000E+00,+875.0000E-03,+1.0374999E+00
+9.6500E-03,+2.4437500E+00,+1.0000000E+00,+1.3812499E+00
+9.6600E-03,+2.5375000E+00,+1.2812500E+00,+1.7562499E+00
+9.6700E-03,+2.4125000E+00,+1.5937500E+00,+2.1312499E+00
+9.6800E-03,+2.2875000E+00,+1.9375000E+00,+2.4124999E+00
+9.6900E-03,+1.9750000E+00,+2.1562500E+00,+2.5687499E+00
+9.7000E-03,+1.6625000E+00,+2.3437500E+00,+2.6312499E+00
+9.7100E-03,+1.3187500E+00,+2.4375000E+00,+2.5062499E+00
+9.7200E-03,+975.0000E-03,+2.4062500E+00,+2.2249999E+00
+9.7300E-03,+787.5000E-03,+2.2812500E+00,+1.9124999E+00
+9.7400E-03,+725.0000E-03,+2.0000000E+00,+1.5687499E+00
+9.7500E-03,+787.5000E-03,+1.7500000E+00,+1.1624999E+00
+9.7600E-03,+1.0062500E+00,+1.4062500E+00,+881.2499E-03
+9.7700E-03,+1.2562500E+00,+1.1250000E+00,+724.9999E-03
+9.7800E-03,+1.6000000E+00,+937.5000E-03,+693.7499E-03
+9.7900E-03,+1.9437500E+00,+875.0000E-03,+787.4999E-03
+9.8000E-03,+2.2250000E+00,+843.7500E-03,+1.0374999E+00
+9.8100E-03,+2.4437500E+00,+1.0000000E+00,+1.3812499E+00
+9.8200E-03,+2.5062500E+00,+1.2187500E+00,+1.7562499E+00
+9.8300E-03,+2.4437500E+00,+1.5625000E+00,+2.0999999E+00
+9.8400E-03,+2.2250000E+00,+1.8750000E+00,+2.4124999E+00
+9.8500E-03,+1.9750000E+00,+2.1250000E+00,+2.5374999E+00
+9.8600E-03,+1.6000000E+00,+2.3125000E+00,+2.5999999E+00
+9.8700E-03,+1.2562500E+00,+2.4062500E+00,+2.4749999E+00
+9.8800E-03,+943.7500E-03,+2.3750000E+00,+2.2562499E+00
+9.8900E-03,+787.5000E-03,+2.2187500E+00,+1.9124999E+00
+9.9000E-03,+725.0000E-03,+1.9687500E+00,+1.5062499E+00
+9.9100E-03,+787.5000E-03,+1.6875000E+00,+1.1624999E+00
+9.9200E-03,+1.0375000E+00,+1.4062500E+00,+881.2499E-03
+9.9300E-03,+1.3812500E+00,+1.1250000E+00,+724.9999E-03
+9.9400E-03,+1.6937500E+00,+937.5000E-03,+724.9999E-03
+9.9500E-03,+2.0375000E+00,+875.0000E-03,+849.9999E-03
+9.9600E-03,+2.3500000E+00,+906.2500E-03,+1.1312499E+00
+9.9700E-03,+2.5375000E+00,+1.0625000E+00,+1.4749999E+00
+9.9800E-03,+2.4750000E+00,+1.3437500E+00,+1.8499999E+00
+9.9900E-03,+2.3500000E+00,+1.6250000E+00,+2.1624999E+00
+10.0000E-03,+2.1312500E+00,+1.9375000E+00,+2.4124999E+00
+10.0100E-03,+1.7875000E+00,+2.1875000E+00,+2.5062499E+00
+10.0200E-03,+1.4750000E+00,+2.3437500E+00,+2.5374999E+00
+10.0300E-03,+1.1312500E+00,+2.3750000E+00,+2.3499999E+00
+10.0400E-03,+912.5000E-03,+2.2812500E+00,+2.0687499E+00
+10.0500E-03,+756.2500E-03,+2.1250000E+00,+1.7249999E+00
+10.0600E-03,+756.2500E-03,+1.8437500E+00,+1.3499999E+00
+10.0700E-03,+912.5000E-03,+1.5312500E+00,+1.0374999E+00
+10.0800E-03,+1.1937500E+00,+1.2187500E+00,+818.7499E-03
+10.0900E-03,+1.5687500E+00,+1.0312500E+00,+787.4999E-03
+10.1000E-03,+1.9125000E+00,+906.2500E-03,+818.7499E-03
+10.1100E-03,+2.2250000E+00,+906.2500E-03,+1.0062499E+00
+10.1200E-03,+2.4125000E+00,+1.0625000E+00,+1.3187499E+00
+10.1300E-03,+2.5062500E+00,+1.2812500E+00,+1.6937499E+00
+10.1400E-03,+2.4437500E+00,+1.5312500E+00,+2.0374999E+00
+10.1500E-03,+2.2250000E+00,+1.8437500E+00,+2.3499999E+00
+10.1600E-03,+1.9125000E+00,+2.0625000E+00,+2.4749999E+00
+10.1700E-03,+1.5375000E+00,+2.2812500E+00,+2.5374999E+00
+10.1800E-03,+1.1625000E+00,+2.3125000E+00,+2.3812499E+00
+10.1900E-03,+881.2500E-03,+2.2812500E+00,+2.1624999E+00
+10.2000E-03,+756.2500E-03,+2.1875000E+00,+1.8187499E+00
+10.2100E-03,+756.2500E-03,+1.9062500E+00,+1.4437499E+00
+10.2200E-03,+881.2500E-03,+1.5937500E+00,+1.1312499E+00
+10.2300E-03,+1.1625000E+00,+1.3437500E+00,+881.2499E-03
+10.2400E-03,+1.5375000E+00,+1.0937500E+00,+787.4999E-03
+10.2500E-03,+1.8812500E+00,+968.7500E-03,+849.9999E-03
+10.2600E-03,+2.2250000E+00,+937.5000E-03,+1.0374999E+00
+10.2700E-03,+2.4437500E+00,+1.0312500E+00,+1.2874999E+00
+10.2800E-03,+2.5062500E+00,+1.2500000E+00,+1.6624999E+00
+10.2900E-03,+2.4437500E+00,+1.5000000E+00,+1.9749999E+00
+10.3000E-03,+2.2562500E+00,+1.7812500E+00,+2.2562499E+00
+10.3100E-03,+1.8500000E+00,+2.0625000E+00,+2.4437499E+00
+10.3200E-03,+1.4750000E+00,+2.2187500E+00,+2.4749999E+00
+10.3300E-03,+1.1312500E+00,+2.3125000E+00,+2.3499999E+00
+10.3400E-03,+881.2500E-03,+2.2812500E+00,+2.0999999E+00
+10.3500E-03,+725.0000E-03,+2.0937500E+00,+1.7874999E+00
+10.3600E-03,+756.2500E-03,+1.8750000E+00,+1.4437499E+00
+10.3700E-03,+975.0000E-03,+1.5937500E+00,+1.0999999E+00
+10.3800E-03,+1.1937500E+00,+1.3437500E+00,+912.4999E-03
+10.3900E-03,+1.5687500E+00,+1.0937500E+00,+787.4999E-03
+10.4000E-03,+1.9437500E+00,+1.0000000E+00,+881.2499E-03
+10.4100E-03,+2.2562500E+00,+968.7500E-03,+1.1312499E+00
+10.4200E-03,+2.4750000E+00,+1.0937500E+00,+1.4124999E+00
+10.4300E-03,+2.5375000E+00,+1.2812500E+00,+1.7562499E+00
+10.4400E-03,+2.3812500E+00,+1.5937500E+00,+2.0999999E+00
+10.4500E-03,+2.0687500E+00,+1.8437500E+00,+2.3187499E+00
+10.4600E-03,+1.7250000E+00,+2.0937500E+00,+2.4437499E+00
+10.4700E-03,+1.3500000E+00,+2.2500000E+00,+2.4437499E+00
+10.4800E-03,+1.0062500E+00,+2.2812500E+00,+2.2874999E+00
+10.4900E-03,+818.7500E-03,+2.1875000E+00,+1.9437499E+00
+10.5000E-03,+725.0000E-03,+2.0312500E+00,+1.6312499E+00
+10.5100E-03,+818.7500E-03,+1.7500000E+00,+1.3187499E+00
+10.5200E-03,+1.0375000E+00,+1.5000000E+00,+1.0374999E+00
+10.5300E-03,+1.4437500E+00,+1.2187500E+00,+881.2499E-03
+10.5400E-03,+1.7562500E+00,+1.0625000E+00,+881.2499E-03
+10.5500E-03,+2.1625000E+00,+1.0312500E+00,+1.0062499E+00
+10.5600E-03,+2.4125000E+00,+1.0312500E+00,+1.2562499E+00
+10.5700E-03,+2.5062500E+00,+1.2187500E+00,+1.5687499E+00
+10.5800E-03,+2.4750000E+00,+1.4375000E+00,+1.9124999E+00
+10.5900E-03,+2.1937500E+00,+1.7500000E+00,+2.1937499E+00
+10.6000E-03,+1.8812500E+00,+2.0000000E+00,+2.3812499E+00
+10.6100E-03,+1.4750000E+00,+2.1875000E+00,+2.4124999E+00
+10.6200E-03,+1.1312500E+00,+2.2812500E+00,+2.3187499E+00
+10.6300E-03,+818.7500E-03,+2.2187500E+00,+2.0687499E+00
+10.6400E-03,+725.0000E-03,+2.0625000E+00,+1.7249999E+00
+10.6500E-03,+756.2500E-03,+1.8437500E+00,+1.4437499E+00
+10.6600E-03,+975.0000E-03,+1.5937500E+00,+1.0999999E+00
+10.6700E-03,+1.2875000E+00,+1.3125000E+00,+943.7499E-03
+10.6800E-03,+1.7250000E+00,+1.0937500E+00,+849.9999E-03
+10.6900E-03,+2.1000000E+00,+1.0312500E+00,+943.7499E-03
+10.7000E-03,+2.3812500E+00,+1.0625000E+00,+1.2249999E+00
+10.7100E-03,+2.4437500E+00,+1.1562500E+00,+1.5062499E+00
+10.7200E-03,+2.4750000E+00,+1.4062500E+00,+1.8187499E+00
+10.7300E-03,+2.2250000E+00,+1.6875000E+00,+2.1624999E+00
+10.7400E-03,+1.9125000E+00,+1.9375000E+00,+2.3499999E+00
+10.7500E-03,+1.5062500E+00,+2.0937500E+00,+2.4124999E+00
+10.7600E-03,+1.1937500E+00,+2.2187500E+00,+2.2874999E+00
+10.7700E-03,+850.0000E-03,+2.2187500E+00,+2.0999999E+00
+10.7800E-03,+725.0000E-03,+2.0937500E+00,+1.7874999E+00
+10.7900E-03,+756.2500E-03,+1.8750000E+00,+1.4437499E+00
+10.8000E-03,+975.0000E-03,+1.5937500E+00,+1.1937499E+00
+10.8100E-03,+1.3500000E+00,+1.3437500E+00,+943.7499E-03
+10.8200E-03,+1.7250000E+00,+1.1562500E+00,+912.4999E-03
+10.8300E-03,+2.0687500E+00,+1.0937500E+00,+1.0062499E+00
+10.8400E-03,+2.3812500E+00,+1.0625000E+00,+1.1937499E+00
+10.8500E-03,+2.5062500E+00,+1.2187500E+00,+1.5062499E+00
+10.8600E-03,+2.4125000E+00,+1.4062500E+00,+1.8812499E+00
+10.8700E-03,+2.2250000E+00,+1.6875000E+00,+2.1624999E+00
+10.8800E-03,+1.8812500E+00,+1.9062500E+00,+2.3187499E+00
+10.8900E-03,+1.5062500E+00,+2.1250000E+00,+2.3499999E+00
+10.9000E-03,+1.1000000E+00,+2.2187500E+00,+2.2562499E+00
+10.9100E-03,+850.0000E-03,+2.1875000E+00,+2.0062499E+00
+10.9200E-03,+725.0000E-03,+2.0312500E+00,+1.7249999E+00
+10.9300E-03,+818.7500E-03,+1.8125000E+00,+1.3812499E+00
+10.9400E-03,+1.1000000E+00,+1.5625000E+00,+1.1312499E+00
+10.9500E-03,+1.3812500E+00,+1.3125000E+00,+943.7499E-03
+10.9600E-03,+1.8500000E+00,+1.1562500E+00,+943.7499E-03
+10.9700E-03,+2.1937500E+00,+1.0625000E+00,+1.0687499E+00
+10.9800E-03,+2.4437500E+00,+1.0937500E+00,+1.2874999E+00
+10.9900E-03,+2.5375000E+00,+1.2812500E+00,+1.6312499E+00
+11.0000E-03,+2.3812500E+00,+1.5312500E+00,+1.9124999E+00
+11.0100E-03,+2.1000000E+00,+1.7812500E+00,+2.1937499E+00
+11.0200E-03,+1.7250000E+00,+2.0000000E+00,+2.2562499E+00
+11.0300E-03,+1.3500000E+00,+2.1562500E+00,+2.3187499E+00
+11.0400E-03,+943.7500E-03,+2.1875000E+00,+2.1624999E+00
+11.0500E-03,+725.0000E-03,+2.1250000E+00,+1.9437499E+00
+11.0600E-03,+725.0000E-03,+1.9375000E+00,+1.5999999E+00
+11.0700E-03,+881.2500E-03,+1.7187500E+00,+1.2874999E+00
+11.0800E-03,+1.1937500E+00,+1.4687500E+00,+1.0374999E+00
+11.0900E-03,+1.6000000E+00,+1.2187500E+00,+943.7499E-03
+11.1000E-03,+2.0062500E+00,+1.1250000E+00,+1.0062499E+00
+11.1100E-03,+2.3500000E+00,+1.0937500E+00,+1.1937499E+00
+11.1200E-03,+2.5062500E+00,+1.1875000E+00,+1.4749999E+00
+11.1300E-03,+2.4750000E+00,+1.3750000E+00,+1.7874999E+00
+11.1400E-03,+2.2562500E+00,+1.6250000E+00,+2.0999999E+00
+11.1500E-03,+1.8812500E+00,+1.8750000E+00,+2.2874999E+00
+11.1600E-03,+1.4750000E+00,+2.0625000E+00,+2.3187499E+00
+11.1700E-03,+1.1000000E+00,+2.1875000E+00,+2.1937499E+00
+11.1800E-03,+818.7500E-03,+2.1250000E+00,+2.0062499E+00
+11.1900E-03,+662.5000E-03,+2.0000000E+00,+1.7249999E+00
+11.2000E-03,+818.7500E-03,+1.8125000E+00,+1.4124999E+00
+11.2100E-03,+1.1000000E+00,+1.5312500E+00,+1.1312499E+00
+11.2200E-03,+1.4750000E+00,+1.3437500E+00,+974.9999E-03
+11.2300E-03,+1.8812500E+00,+1.1562500E+00,+1.0062499E+00
+11.2400E-03,+2.2562500E+00,+1.1250000E+00,+1.1312499E+00
+11.2500E-03,+2.4750000E+00,+1.1562500E+00,+1.3812499E+00
+11.2600E-03,+2.5062500E+00,+1.3437500E+00,+1.7249999E+00
+11.2700E-03,+2.3187500E+00,+1.5625000E+00,+2.0062499E+00
+11.2800E-03,+1.9750000E+00,+1.7812500E+00,+2.2249999E+00
+11.2900E-03,+1.5687500E+00,+2.0000000E+00,+2.2874999E+00
+11.3000E-03,+1.1625000E+00,+2.1562500E+00,+2.2249999E+00
+11.3100E-03,+881.2500E-03,+2.1562500E+00,+2.0687499E+00
+11.3200E-03,+725.0000E-03,+2.0625000E+00,+1.7874999E+00
+11.3300E-03,+818.7500E-03,+1.8125000E+00,+1.4749999E+00
+11.3400E-03,+1.0687500E+00,+1.5625000E+00,+1.1312499E+00
+11.3500E-03,+1.4437500E+00,+1.3750000E+00,+1.0374999E+00
+11.3600E-03,+1.8812500E+00,+1.2187500E+00,+974.9999E-03
+11.3700E-03,+2.2250000E+00,+1.1562500E+00,+1.1312499E+00
+11.3800E-03,+2.4750000E+00,+1.1875000E+00,+1.3499999E+00
+11.3900E-03,+2.5375000E+00,+1.3125000E+00,+1.6937499E+00
+11.4000E-03,+2.3187500E+00,+1.5625000E+00,+1.9749999E+00
+11.4100E-03,+2.0062500E+00,+1.8125000E+00,+2.2249999E+00
+11.4200E-03,+1.5375000E+00,+2.0000000E+00,+2.2562499E+00
+11.4300E-03,+1.1625000E+00,+2.1250000E+00,+2.2249999E+00
+11.4400E-03,+787.5000E-03,+2.1250000E+00,+2.0374999E+00
+11.4500E-03,+756.2500E-03,+2.0312500E+00,+1.7249999E+00
+11.4600E-03,+818.7500E-03,+1.8750000E+00,+1.4124999E+00
+11.4700E-03,+1.1000000E+00,+1.5937500E+00,+1.1624999E+00
+11.4800E-03,+1.5062500E+00,+1.3750000E+00,+1.0374999E+00
+11.4900E-03,+1.9437500E+00,+1.1875000E+00,+1.0374999E+00
+11.5000E-03,+2.3187500E+00,+1.1562500E+00,+1.1624999E+00
+11.5100E-03,+2.4750000E+00,+1.2187500E+00,+1.4124999E+00
+11.5200E-03,+2.4437500E+00,+1.3750000E+00,+1.6937499E+00
+11.5300E-03,+2.2250000E+00,+1.5625000E+00,+2.0062499E+00
+11.5400E-03,+1.9125000E+00,+1.8125000E+00,+2.2249999E+00
+11.5500E-03,+1.4437500E+00,+2.0312500E+00,+2.2874999E+00
+11.5600E-03,+1.0375000E+00,+2.0937500E+00,+2.1937499E+00
+11.5700E-03,+818.7500E-03,+2.0625000E+00,+1.9749999E+00
+11.5800E-03,+756.2500E-03,+1.9375000E+00,+1.6624999E+00
+11.5900E-03,+850.0000E-03,+1.7812500E+00,+1.3812499E+00
+11.6000E-03,+1.1937500E+00,+1.5312500E+00,+1.1624999E+00
+11.6100E-03,+1.6312500E+00,+1.3437500E+00,+1.0374999E+00
+11.6200E-03,+2.0687500E+00,+1.2187500E+00,+1.0687499E+00
+11.6300E-03,+2.3500000E+00,+1.1875000E+00,+1.2249999E+00
+11.6400E-03,+2.4750000E+00,+1.2500000E+00,+1.5062499E+00
+11.6500E-03,+2.4437500E+00,+1.4375000E+00,+1.8187499E+00
+11.6600E-03,+2.1625000E+00,+1.6562500E+00,+2.0687499E+00
+11.6700E-03,+1.7250000E+00,+1.8750000E+00,+2.2562499E+00
+11.6800E-03,+1.2875000E+00,+2.0625000E+00,+2.1937499E+00
+11.6900E-03,+943.7500E-03,+2.0937500E+00,+2.1312499E+00
+11.7000E-03,+725.0000E-03,+2.0625000E+00,+1.8499999E+00
+11.7100E-03,+787.5000E-03,+1.8750000E+00,+1.5687499E+00
+11.7200E-03,+1.0062500E+00,+1.6875000E+00,+1.2562499E+00
+11.7300E-03,+1.4125000E+00,+1.4062500E+00,+1.0687499E+00
+11.7400E-03,+1.8812500E+00,+1.2812500E+00,+1.0687499E+00
+11.7500E-03,+2.2562500E+00,+1.1875000E+00,+1.1312499E+00
+11.7600E-03,+2.4750000E+00,+1.2187500E+00,+1.3812499E+00
+11.7700E-03,+2.4750000E+00,+1.3437500E+00,+1.6624999E+00
+11.7800E-03,+2.2562500E+00,+1.5937500E+00,+1.9749999E+00
+11.7900E-03,+1.9750000E+00,+1.7500000E+00,+2.1624999E+00
+11.8000E-03,+1.5062500E+00,+1.9687500E+00,+2.2562499E+00
+11.8100E-03,+1.0687500E+00,+2.0625000E+00,+2.1624999E+00
+11.8200E-03,+818.7500E-03,+2.0312500E+00,+1.9749999E+00
+11.8300E-03,+756.2500E-03,+1.9375000E+00,+1.6937499E+00
+11.8400E-03,+881.2500E-03,+1.7500000E+00,+1.3812499E+00
+11.8500E-03,+1.2562500E+00,+1.5000000E+00,+1.1937499E+00
+11.8600E-03,+1.6625000E+00,+1.3125000E+00,+1.0374999E+00
+11.8700E-03,+2.1312500E+00,+1.2187500E+00,+1.0999999E+00
+11.8800E-03,+2.4125000E+00,+1.1875000E+00,+1.3187499E+00
+11.8900E-03,+2.4750000E+00,+1.2812500E+00,+1.5687499E+00
+11.9000E-03,+2.3812500E+00,+1.5000000E+00,+1.8499999E+00
+11.9100E-03,+2.1000000E+00,+1.6562500E+00,+2.0999999E+00
+11.9200E-03,+1.6625000E+00,+1.9062500E+00,+2.2249999E+00
+11.9300E-03,+1.1625000E+00,+2.0312500E+00,+2.1624999E+00
+11.9400E-03,+850.0000E-03,+2.0937500E+00,+2.0062499E+00
+11.9500E-03,+756.2500E-03,+1.9687500E+00,+1.7249999E+00
+11.9600E-03,+850.0000E-03,+1.7812500E+00,+1.4437499E+00
+11.9700E-03,+1.1937500E+00,+1.5625000E+00,+1.1937499E+00
+11.9800E-03,+1.6312500E+00,+1.3437500E+00,+1.0687499E+00
+11.9900E-03,+2.0375000E+00,+1.2500000E+00,+1.0999999E+00
+12.0000E-03,+2.3812500E+00,+1.1875000E+00,+1.2874999E+00
+12.0100E-03,+2.5062500E+00,+1.2500000E+00,+1.5374999E+00
+12.0200E-03,+2.3812500E+00,+1.4687500E+00,+1.8499999E+00
+12.0300E-03,+2.0687500E+00,+1.6875000E+00,+2.0374999E+00
+12.0400E-03,+1.6937500E+00,+1.9062500E+00,+2.1937499E+00
+12.0500E-03,+1.1937500E+00,+2.0000000E+00,+2.1937499E+00
+12.0600E-03,+850.0000E-03,+2.0625000E+00,+2.0062499E+00
+12.0700E-03,+693.7500E-03,+1.9687500E+00,+1.7562499E+00
+12.0800E-03,+850.0000E-03,+1.8125000E+00,+1.4749999E+00
+12.0900E-03,+1.1312500E+00,+1.5937500E+00,+1.2562499E+00
+12.1000E-03,+1.6000000E+00,+1.4062500E+00,+1.1312499E+00
+12.1100E-03,+2.0375000E+00,+1.2187500E+00,+1.0999999E+00
+12.1200E-03,+2.3500000E+00,+1.2500000E+00,+1.2562499E+00
+12.1300E-03,+2.5375000E+00,+1.2812500E+00,+1.5374999E+00
+12.1400E-03,+2.3812500E+00,+1.4375000E+00,+1.8187499E+00
+12.1500E-03,+2.0375000E+00,+1.6875000E+00,+2.0687499E+00
+12.1600E-03,+1.6312500E+00,+1.9062500E+00,+2.1937499E+00
+12.1700E-03,+1.1937500E+00,+2.0312500E+00,+2.1312499E+00
+12.1800E-03,+818.7500E-03,+2.0312500E+00,+2.0062499E+00
+12.1900E-03,+756.2500E-03,+1.9687500E+00,+1.7562499E+00
+12.2000E-03,+850.0000E-03,+1.7812500E+00,+1.4124999E+00
+12.2100E-03,+1.1937500E+00,+1.5937500E+00,+1.2249999E+00
+12.2200E-03,+1.6625000E+00,+1.3750000E+00,+1.0999999E+00
+12.2300E-03,+2.1312500E+00,+1.2500000E+00,+1.1312499E+00
+12.2400E-03,+2.4125000E+00,+1.2500000E+00,+1.3187499E+00
+12.2500E-03,+2.5062500E+00,+1.3437500E+00,+1.5687499E+00
+12.2600E-03,+2.3500000E+00,+1.5312500E+00,+1.8499999E+00
+12.2700E-03,+1.9750000E+00,+1.7187500E+00,+2.0999999E+00
+12.2800E-03,+1.5375000E+00,+1.9062500E+00,+2.1624999E+00
+12.2900E-03,+1.1000000E+00,+1.9687500E+00,+2.0999999E+00
+12.3000E-03,+787.5000E-03,+2.0000000E+00,+1.9437499E+00
+12.3100E-03,+725.0000E-03,+1.9062500E+00,+1.6624999E+00
+12.3200E-03,+912.5000E-03,+1.7500000E+00,+1.4124999E+00
+12.3300E-03,+1.2875000E+00,+1.5000000E+00,+1.1937499E+00
+12.3400E-03,+1.7250000E+00,+1.3750000E+00,+1.1312499E+00
+12.3500E-03,+2.1937500E+00,+1.2187500E+00,+1.1937499E+00
+12.3600E-03,+2.5062500E+00,+1.2500000E+00,+1.4124999E+00
+12.3700E-03,+2.4750000E+00,+1.3750000E+00,+1.6937499E+00
+12.3800E-03,+2.2562500E+00,+1.5937500E+00,+1.9124999E+00
+12.3900E-03,+1.8500000E+00,+1.7812500E+00,+2.1312499E+00
+12.4000E-03,+1.3187500E+00,+1.9687500E+00,+2.1937499E+00
+12.4100E-03,+975.0000E-03,+2.0000000E+00,+2.0687499E+00
+12.4200E-03,+756.2500E-03,+1.9687500E+00,+1.8499999E+00
+12.4300E-03,+787.5000E-03,+1.8750000E+00,+1.5687499E+00
+12.4400E-03,+1.1000000E+00,+1.6250000E+00,+1.2874999E+00
+12.4500E-03,+1.4750000E+00,+1.4375000E+00,+1.1937499E+00
+12.4600E-03,+1.9437500E+00,+1.3437500E+00,+1.1624999E+00
+12.4700E-03,+2.3500000E+00,+1.2812500E+00,+1.2562499E+00
+12.4800E-03,+2.4437500E+00,+1.2812500E+00,+1.5062499E+00
+12.4900E-03,+2.3812500E+00,+1.4687500E+00,+1.8187499E+00
+12.5000E-03,+2.0687500E+00,+1.6562500E+00,+2.0374999E+00
+12.5100E-03,+1.5687500E+00,+1.8750000E+00,+2.1624999E+00
+12.5200E-03,+1.1312500E+00,+1.9687500E+00,+2.0687499E+00
+12.5300E-03,+787.5000E-03,+2.0000000E+00,+1.9749999E+00
+12.5400E-03,+725.0000E-03,+1.9062500E+00,+1.6624999E+00
+12.5500E-03,+881.2500E-03,+1.7500000E+00,+1.4124999E+00
+12.5600E-03,+1.3187500E+00,+1.5312500E+00,+1.2249999E+00
+12.5700E-03,+1.7875000E+00,+1.3750000E+00,+1.1312499E+00
+12.5800E-03,+2.2250000E+00,+1.2812500E+00,+1.2249999E+00
+12.5900E-03,+2.4437500E+00,+1.2812500E+00,+1.4437499E+00
+12.6000E-03,+2.4437500E+00,+1.4062500E+00,+1.6937499E+00
+12.6100E-03,+2.2250000E+00,+1.5937500E+00,+1.9749999E+00
+12.6200E-03,+1.7562500E+00,+1.7812500E+00,+2.0999999E+00
+12.6300E-03,+1.3187500E+00,+1.9062500E+00,+2.1312499E+00
+12.6400E-03,+850.0000E-03,+2.0000000E+00,+2.0374999E+00
+12.6500E-03,+725.0000E-03,+1.9375000E+00,+1.8187499E+00
+12.6600E-03,+818.7500E-03,+1.8437500E+00,+1.5374999E+00
+12.6700E-03,+1.1312500E+00,+1.6250000E+00,+1.2562499E+00
+12.6800E-03,+1.6000000E+00,+1.4062500E+00,+1.1624999E+00
+12.6900E-03,+2.1000000E+00,+1.3125000E+00,+1.1937499E+00
+12.7000E-03,+2.4125000E+00,+1.2812500E+00,+1.3187499E+00
+12.7100E-03,+2.5062500E+00,+1.4062500E+00,+1.5999999E+00
+12.7200E-03,+2.3187500E+00,+1.5312500E+00,+1.8499999E+00
+12.7300E-03,+1.9437500E+00,+1.7187500E+00,+2.0687499E+00
+12.7400E-03,+1.3812500E+00,+1.8750000E+00,+2.1312499E+00
+12.7500E-03,+1.0062500E+00,+1.9687500E+00,+2.0374999E+00
